use capquest;

insert into company (name, email, phone, address, url, type, company_id) values ('Blognation', 'iarchard0@skype.com', '278-268-2241', '30 Gale Circle', 'java.com', 'technology', 1);
insert into company (name, email, phone, address, url, type, company_id) values ('Vcompany_idoo', 'mworld1@marriott.com', '720-711-7335', '86362 Lien Court', 'ted.com', 'healthcare', 2);
insert into company (name, email, phone, address, url, type, company_id) values ('Youspan', 'dvasenin2@naver.com', '361-532-9264', '78404 Porter Alley', 'rakuten.co.jp', 'technology', 3);
insert into company (name, email, phone, address, url, type, company_id) values ('Tanoodle', 'cklemps3@ftc.gov', '872-243-8672', '7548 High Crossing Court', 'wix.com', 'finance', 4);
insert into company (name, email, phone, address, url, type, company_id) values ('Tavu', 'ezanicchi4@ft.com', '736-892-3296', '819 Elgar Park', 'jugem.jp', 'healthcare', 5);
insert into company (name, email, phone, address, url, type, company_id) values ('Gigaclub', 'fbogart5@nifty.com', '166-234-7220', '979 Mifflin Pass', 'reverbnation.com', 'healthcare', 6);
insert into company (name, email, phone, address, url, type, company_id) values ('Oyoloo', 'lkenwood6@trellian.com', '754-742-6486', '2 Tennessee Place', 'fc2.com', 'manufacturing', 7);
insert into company (name, email, phone, address, url, type, company_id) values ('Rhycero', 'balphonso7@amazon.com', '964-811-7117', '28834 Wayrcompany_idge Pass', 'sina.com.cn', 'finance', 8);
insert into company (name, email, phone, address, url, type, company_id) values ('Wikibox', 'tcasaroli8@usatoday.com', '579-693-8532', '09 Elka Crossing', 'liveinternet.ru', 'healthcare', 9);
insert into company (name, email, phone, address, url, type, company_id) values ('Jaxbean', 'fplacompany_id9@opensource.org', '412-601-4741', '45101 Bonner Street', 'smugmug.com', 'retail', 10);
insert into company (name, email, phone, address, url, type, company_id) values ('Kaymbo', 'amacglorya@dmoz.org', '479-388-9451', '0463 Dahle Parkway', 'forbes.com', 'finance', 11);
insert into company (name, email, phone, address, url, type, company_id) values ('Photojam', 'bmcianb@nasa.gov', '971-428-0835', '0242 Pankratz Avenue', 'ezinearticles.com', 'retail', 12);
insert into company (name, email, phone, address, url, type, company_id) values ('Dabshots', 'gpittendreighc@merriam-webster.com', '209-650-5552', '70233 Nobel Court', 'topsy.com', 'retail', 13);
insert into company (name, email, phone, address, url, type, company_id) values ('Yozio', 'bpercevald@auda.org.au', '745-859-2096', '27 Grover Court', 'angelfire.com', 'finance', 14);
insert into company (name, email, phone, address, url, type, company_id) values ('Blogtag', 'fasline@gnu.org', '250-661-0571', '42 Fuller Junction', 'theglobeandmail.com', 'finance', 15);
insert into company (name, email, phone, address, url, type, company_id) values ('Vipe', 'mcadaganf@npr.org', '327-572-3113', '4352 Manitowish Drive', 'seesaa.net', 'technology', 16);
insert into company (name, email, phone, address, url, type, company_id) values ('Trupe', 'mhurleyg@usgs.gov', '109-445-4886', '8 Stuart Lane', 'ning.com', 'technology', 17);
insert into company (name, email, phone, address, url, type, company_id) values ('Brainsphere', 'cboswardh@time.com', '880-503-7502', '0382 Dexter Lane', 'drupal.org', 'finance', 18);
insert into company (name, email, phone, address, url, type, company_id) values ('Gabcube', 'twiersmai@techcrunch.com', '309-289-9058', '72215 Miller Parkway', 'omniture.com', 'technology', 19);
insert into company (name, email, phone, address, url, type, company_id) values ('Linkbrcompany_idge', 'tmetherellj@opera.com', '438-789-1865', '61256 Hoepker Street', 'scribd.com', 'healthcare', 20);
insert into company (name, email, phone, address, url, type, company_id) values ('Feedmix', 'cgilphillank@cpanel.net', '853-862-2891', '655 Sutherland Avenue', 'facebook.com', 'healthcare', 21);
insert into company (name, email, phone, address, url, type, company_id) values ('Rhybox', 'crendelll@loc.gov', '997-257-5114', '5 Pierstorff Alley', 'google.it', 'technology', 22);
insert into company (name, email, phone, address, url, type, company_id) values ('JumpXS', 'estaffm@amazonaws.com', '959-247-5166', '10008 6th Terrace', 'nba.com', 'finance', 23);
insert into company (name, email, phone, address, url, type, company_id) values ('Voonix', 'sdeavesn@blinklist.com', '304-524-6960', '14237 Cambrcompany_idge Street', 'miibeian.gov.cn', 'manufacturing', 24);
insert into company (name, email, phone, address, url, type, company_id) values ('Pixonyx', 'zfrankisso@jiathis.com', '362-357-0850', '3824 Algoma Center', 'msn.com', 'technology', 25);
insert into company (name, email, phone, address, url, type, company_id) values ('Eare', 'dbourgesp@multiply.com', '741-580-5201', '31157 Northwestern Drive', 'webs.com', 'healthcare', 26);
insert into company (name, email, phone, address, url, type, company_id) values ('Realmix', 'ewhithornq@bandcamp.com', '996-817-0976', '101 Kipling Pass', 'bing.com', 'finance', 27);
insert into company (name, email, phone, address, url, type, company_id) values ('Lajo', 'hcarhartr@whitehouse.gov', '507-853-9664', '488 Katie Terrace', 'hhs.gov', 'technology', 28);
insert into company (name, email, phone, address, url, type, company_id) values ('Rhyzio', 'lfosberrys@bacompany_idu.com', '301-932-6631', '4 Springs Center', 'wikia.com', 'manufacturing', 29);
insert into company (name, email, phone, address, url, type, company_id) values ('Tambee', 'tbendittt@cornell.edu', '110-827-3838', '83594 Sutherland Terrace', 'icio.us', 'finance', 30);
insert into company (name, email, phone, address, url, type, company_id) values ('BoptyBop', 'csieneu@exblog.jp', '932-279-3421', '922 Nancy Center', 'istockphoto.com', 'healthcare', 31);
insert into company (name, email, phone, address, url, type, company_id) values ('Oyoba', 'omattiassiv@google.co.uk', '441-770-5833', '220 Bartillon Way', 'ehow.com', 'technology', 32);
insert into company (name, email, phone, address, url, type, company_id) values ('Ntags', 'bdrancew@adobe.com', '598-199-0405', '89137 Orin Circle', 'php.net', 'finance', 33);
insert into company (name, email, phone, address, url, type, company_id) values ('Yodoo', 'kantoniazzix@sakura.ne.jp', '155-990-4661', '241 Buena Vista Hill', 'examiner.com', 'manufacturing', 34);
insert into company (name, email, phone, address, url, type, company_id) values ('Jaxnation', 'gdumpletony@cocolog-nifty.com', '535-833-6572', '7 Clarendon Avenue', 'hugedomains.com', 'retail', 35);
insert into company (name, email, phone, address, url, type, company_id) values ('Layo', 'mdumphreyz@arstechnica.com', '408-113-3007', '59 Lunder Road', 'google.de', 'finance', 36);
insert into company (name, email, phone, address, url, type, company_id) values ('Skyvu', 'twooland10@meetup.com', '444-637-5911', '3 Mccormick Hill', 'cafepress.com', 'finance', 37);
insert into company (name, email, phone, address, url, type, company_id) values ('Youfeed', 'ktommis11@mapquest.com', '352-560-5992', '493 Clyde Gallagher Junction', 'zdnet.com', 'finance', 38);
insert into company (name, email, phone, address, url, type, company_id) values ('Jamia', 'bdade12@loc.gov', '571-528-6386', '24 Valley Edge Drive', 'com.com', 'technology', 39);
insert into company (name, email, phone, address, url, type, company_id) values ('Roodel', 'rallmark13@blogs.com', '114-760-3311', '87 Heffernan Road', 'yahoo.com', 'technology', 40);
insert into company (name, email, phone, address, url, type, company_id) values ('Devbug', 'gmahony14@trellian.com', '360-898-9590', '74319 Brentwood Road', 't.co', 'retail', 41);
insert into company (name, email, phone, address, url, type, company_id) values ('Rooxo', 'zdmitr15@tmall.com', '146-145-7589', '4 Warbler Road', 'adobe.com', 'manufacturing', 42);
insert into company (name, email, phone, address, url, type, company_id) values ('Voolith', 'mmangan16@canalblog.com', '594-387-4701', '3822 Lakewood Gardens Court', 'google.com.br', 'retail', 43);
insert into company (name, email, phone, address, url, type, company_id) values ('Babbleblab', 'kcobbe17@technorati.com', '180-354-0745', '96 Fuller Plaza', '163.com', 'technology', 44);
insert into company (name, email, phone, address, url, type, company_id) values ('Tagcat', 'ogrzegorecki18@goodreads.com', '913-565-8893', '04 Texas Circle', 'exblog.jp', 'healthcare', 45);
insert into company (name, email, phone, address, url, type, company_id) values ('Minyx', 'aredmayne19@feedburner.com', '401-689-8995', '7212 Mayer Drive', 'ebay.co.uk', 'retail', 46);
insert into company (name, email, phone, address, url, type, company_id) values ('Fadeo', 'tronca1a@unesco.org', '780-252-0044', '58766 Montana Lane', 'odnoklassniki.ru', 'healthcare', 47);
insert into company (name, email, phone, address, url, type, company_id) values ('Brightdog', 'achettle1b@eventbrite.com', '226-623-7007', '6930 Hallows Point', 'craigslist.org', 'technology', 48);
insert into company (name, email, phone, address, url, type, company_id) values ('Tagfeed', 'lgeorg1c@fc2.com', '525-886-9879', '11983 Novick Place', 'mysql.com', 'technology', 49);
insert into company (name, email, phone, address, url, type, company_id) values ('Ntag', 'jsouness1d@washington.edu', '933-264-4507', '861 Anderson Court', 'eventbrite.com', 'retail', 50);

insert into course (course_id, name) values (1, 'International Finance');
insert into course (course_id, name) values (2, 'Financial Accounting');
insert into course (course_id, name) values (3, 'Financial Accounting');
insert into course (course_id, name) values (4, 'Financial Accounting');
insert into course (course_id, name) values (5, 'International Finance');
insert into course (course_id, name) values (6, 'Investment Analysis');
insert into course (course_id, name) values (7, 'Corporate Finance');
insert into course (course_id, name) values (8, 'Financial Accounting');
insert into course (course_id, name) values (9, 'Corporate Finance');
insert into course (course_id, name) values (10, 'Corporate Finance');
insert into course (course_id, name) values (11, 'Corporate Finance');
insert into course (course_id, name) values (12, 'Investment Analysis');
insert into course (course_id, name) values (13, 'International Finance');
insert into course (course_id, name) values (14, 'International Finance');
insert into course (course_id, name) values (15, 'Investment Analysis');
insert into course (course_id, name) values (16, 'Financial Management');
insert into course (course_id, name) values (17, 'Financial Accounting');
insert into course (course_id, name) values (18, 'Financial Management');
insert into course (course_id, name) values (19, 'Financial Management');
insert into course (course_id, name) values (20, 'Corporate Finance');
insert into course (course_id, name) values (21, 'International Finance');
insert into course (course_id, name) values (22, 'Investment Analysis');
insert into course (course_id, name) values (23, 'Corporate Finance');
insert into course (course_id, name) values (24, 'Financial Accounting');
insert into course (course_id, name) values (25, 'Investment Analysis');
insert into course (course_id, name) values (26, 'Investment Analysis');
insert into course (course_id, name) values (27, 'Corporate Finance');
insert into course (course_id, name) values (28, 'Financial Management');
insert into course (course_id, name) values (29, 'Financial Accounting');
insert into course (course_id, name) values (30, 'Financial Management');
insert into course (course_id, name) values (31, 'Managerial Accounting');
insert into course (course_id, name) values (32, 'Corporate Finance');
insert into course (course_id, name) values (33, 'Financial Accounting');
insert into course (course_id, name) values (34, 'Managerial Accounting');
insert into course (course_id, name) values (35, 'Managerial Accounting');
insert into course (course_id, name) values (36, 'International Finance');
insert into course (course_id, name) values (37, 'International Finance');
insert into course (course_id, name) values (38, 'Corporate Finance');
insert into course (course_id, name) values (39, 'Managerial Accounting');
insert into course (course_id, name) values (40, 'Investment Analysis');
insert into course (course_id, name) values (41, 'Managerial Accounting');
insert into course (course_id, name) values (42, 'Corporate Finance');
insert into course (course_id, name) values (43, 'Financial Accounting');
insert into course (course_id, name) values (44, 'Financial Management');
insert into course (course_id, name) values (45, 'International Finance');
insert into course (course_id, name) values (46, 'Corporate Finance');
insert into course (course_id, name) values (47, 'Financial Management');
insert into course (course_id, name) values (48, 'Financial Management');
insert into course (course_id, name) values (49, 'Managerial Accounting');
insert into course (course_id, name) values (50, 'Investment Analysis');

insert into engineer (engineer_id, firstName, lastName, email) values (1, 'Shana', 'McAlroy', 'smcalroy0@webnode.com');
insert into engineer (engineer_id, firstName, lastName, email) values (2, 'Haleigh', 'Feeney', 'hfeeney1@netlog.com');
insert into engineer (engineer_id, firstName, lastName, email) values (3, 'Augy', 'Durtnell', 'adurtnell2@chron.com');
insert into engineer (engineer_id, firstName, lastName, email) values (4, 'Ericka', 'Faraker', 'efaraker3@digg.com');
insert into engineer (engineer_id, firstName, lastName, email) values (5, 'Roxanna', 'Waadenburg', 'rwaadenburg4@goodreads.com');
insert into engineer (engineer_id, firstName, lastName, email) values (6, 'Veronike', 'Leaman', 'vleaman5@cmu.edu');
insert into engineer (engineer_id, firstName, lastName, email) values (7, 'Rupert', 'Prandin', 'rprandin6@cocolog-nifty.com');
insert into engineer (engineer_id, firstName, lastName, email) values (8, 'Amye', 'Losel', 'alosel7@joomla.org');
insert into engineer (engineer_id, firstName, lastName, email) values (9, 'Lenette', 'Lubomirski', 'llubomirski8@nsw.gov.au');
insert into engineer (engineer_id, firstName, lastName, email) values (10, 'Renault', 'Deschelle', 'rdeschelle9@seattletimes.com');
insert into engineer (engineer_id, firstName, lastName, email) values (11, 'Gerhard', 'Lockyer', 'glockyera@xinhuanet.com');
insert into engineer (engineer_id, firstName, lastName, email) values (12, 'Wittie', 'Danielsohn', 'wdanielsohnb@livejournal.com');
insert into engineer (engineer_id, firstName, lastName, email) values (13, 'Yves', 'Genaddy', 'ygengineer_iddyc@ed.gov');
insert into engineer (engineer_id, firstName, lastName, email) values (14, 'Elsey', 'Treven', 'etrevend@php.net');
insert into engineer (engineer_id, firstName, lastName, email) values (15, 'Kania', 'Fratson', 'kfratsone@stanford.edu');
insert into engineer (engineer_id, firstName, lastName, email) values (16, 'Sayres', 'Still', 'sstillf@eepurl.com');
insert into engineer (engineer_id, firstName, lastName, email) values (17, 'Jerry', 'Fronek', 'jfronekg@icio.us');
insert into engineer (engineer_id, firstName, lastName, email) values (18, 'Tymon', 'Cousin', 'tcousinh@discovery.com');
insert into engineer (engineer_id, firstName, lastName, email) values (19, 'Austine', 'Gullane', 'agullanei@opera.com');
insert into engineer (engineer_id, firstName, lastName, email) values (20, 'Griffy', 'Morrissey', 'gmorrisseyj@addthis.com');
insert into engineer (engineer_id, firstName, lastName, email) values (21, 'Sheree', 'Girardi', 'sgirardik@usatoday.com');
insert into engineer (engineer_id, firstName, lastName, email) values (22, 'Amabel', 'Paulou', 'apauloul@naver.com');
insert into engineer (engineer_id, firstName, lastName, email) values (23, 'Stevie', 'Leber', 'sleberm@sohu.com');
insert into engineer (engineer_id, firstName, lastName, email) values (24, 'Sayre', 'Sinnie', 'ssinnien@umich.edu');
insert into engineer (engineer_id, firstName, lastName, email) values (25, 'Dimitry', 'Scourfield', 'dscourfieldo@surveymonkey.com');
insert into engineer (engineer_id, firstName, lastName, email) values (26, 'Kristi', 'Bleue', 'kbleuep@shareasale.com');
insert into engineer (engineer_id, firstName, lastName, email) values (27, 'Dunstan', 'McArthur', 'dmcarthurq@gizmodo.com');
insert into engineer (engineer_id, firstName, lastName, email) values (28, 'Moises', 'Eliaz', 'meliazr@github.com');
insert into engineer (engineer_id, firstName, lastName, email) values (29, 'Tracee', 'Arnault', 'tarnaults@mapquest.com');
insert into engineer (engineer_id, firstName, lastName, email) values (30, 'Priscella', 'Di Dello', 'pdengineer_idellot@blogger.com');
insert into engineer (engineer_id, firstName, lastName, email) values (31, 'Tracee', 'Wallis', 'twallisu@canalblog.com');
insert into engineer (engineer_id, firstName, lastName, email) values (32, 'Sherman', 'Trobe', 'strobev@purevolume.com');
insert into engineer (engineer_id, firstName, lastName, email) values (33, 'Carolin', 'Preddle', 'cpreddlew@reverbnation.com');
insert into engineer (engineer_id, firstName, lastName, email) values (34, 'Benoite', 'Rodbourne', 'brodbournex@nps.gov');
insert into engineer (engineer_id, firstName, lastName, email) values (35, 'Alaine', 'Jolliman', 'ajollimany@woothemes.com');
insert into engineer (engineer_id, firstName, lastName, email) values (36, 'Fawnia', 'Batterbee', 'fbatterbeez@webnode.com');
insert into engineer (engineer_id, firstName, lastName, email) values (37, 'Rubin', 'Flippini', 'rflippini10@wp.com');
insert into engineer (engineer_id, firstName, lastName, email) values (38, 'Millicent', 'Jephcote', 'mjephcote11@scribd.com');
insert into engineer (engineer_id, firstName, lastName, email) values (39, 'Addy', 'Enright', 'aenright12@skype.com');
insert into engineer (engineer_id, firstName, lastName, email) values (40, 'Sydelle', 'Fewell', 'sfewell13@ox.ac.uk');
insert into engineer (engineer_id, firstName, lastName, email) values (41, 'Murielle', 'Bonney', 'mbonney14@spotify.com');
insert into engineer (engineer_id, firstName, lastName, email) values (42, 'Rhona', 'Gengineer_iddons', 'rgengineer_iddons15@cmu.edu');
insert into engineer (engineer_id, firstName, lastName, email) values (43, 'Camille', 'Bouzek', 'cbouzek16@ibm.com');
insert into engineer (engineer_id, firstName, lastName, email) values (44, 'Darby', 'Glentworth', 'dglentworth17@joomla.org');
insert into engineer (engineer_id, firstName, lastName, email) values (45, 'Hyman', 'Phoenix', 'hphoenix18@about.com');
insert into engineer (engineer_id, firstName, lastName, email) values (46, 'Baird', 'Fairs', 'bfairs19@sohu.com');
insert into engineer (engineer_id, firstName, lastName, email) values (47, 'Nadiya', 'Ivanichev', 'nivanichev1a@moonfruit.com');
insert into engineer (engineer_id, firstName, lastName, email) values (48, 'Wes', 'Eby', 'weby1b@canalblog.com');
insert into engineer (engineer_id, firstName, lastName, email) values (49, 'Wainwright', 'Thackeray', 'wthackeray1c@thetimes.co.uk');
insert into engineer (engineer_id, firstName, lastName, email) values (50, 'Desiree', 'Blaker', 'dblaker1d@drupal.org');

insert into internship (internship_id, name, description, url, company_id) values (1, 'Marketing Intern', 'teamwork', 'http://I+\.Q{2,}/-+', 24);
insert into internship (internship_id, name, description, url, company_id) values (2, 'Marketing Intern', 'problem-solving', 'http://www\.-+\.n{2,}\.h{2,}/-+', 23);
insert into internship (internship_id, name, description, url, company_id) values (3, 'Marketing Intern', 'communication skills', 'http://www\.-+\.S{2,}\.O{2,}/-+', 28);
insert into internship (internship_id, name, description, url, company_id) values (4, 'Software Engineering Intern', 'critical thinking', 'https://-+\.k{2,}/1+', 19);
insert into internship (internship_id, name, description, url, company_id) values (5, 'Data Analyst Intern', 'communication skills', 'http://www\.K+\.G{2,}//+', 7);
insert into internship (internship_id, name, description, url, company_id) values (6, 'Graphic Design Intern', 'creativity', 'http://www\.4+\.H{2,}\.a{2,}/_+', 17);
insert into internship (internship_id, name, description, url, company_id) values (7, 'Human Resources Intern', 'problem-solving', 'http://B+\.p{2,}/e+', 30);
insert into internship (internship_id, name, description, url, company_id) values (8, 'Graphic Design Intern', 'analytical skills', 'https://www\.n+\.x{2,}/F+', 20);
insert into internship (internship_id, name, description, url, company_id) values (9, 'Graphic Design Intern', 'problem-solving', 'https://www\.Q+\.g{2,}/w+', 2);
insert into internship (internship_id, name, description, url, company_id) values (10, 'Data Analyst Intern', 'time management', 'http://6+\.h{2,}\.E{2,}//+', 8);
insert into internship (internship_id, name, description, url, company_id) values (11, 'Data Analyst Intern', 'teamwork', 'http://www\.0+\.O{2,}\.K{2,}//+', 13);
insert into internship (internship_id, name, description, url, company_id) values (12, 'Graphic Design Intern', 'critical thinking', 'http://-+\.T{2,}/n+', 13);
insert into internship (internship_id, name, description, url, company_id) values (13, 'Marketing Intern', 'analytical skills', 'http://H+\.V{2,}\.i{2,}/G+', 18);
insert into internship (internship_id, name, description, url, company_id) values (14, 'Graphic Design Intern', 'analytical skills', 'http://S+\.f{2,}\.t{2,}/-+', 14);
insert into internship (internship_id, name, description, url, company_id) values (15, 'Graphic Design Intern', 'adaptability', 'http://-+\.d{2,}//+', 6);
insert into internship (internship_id, name, description, url, company_id) values (16, 'Software Engineering Intern', 'creativity', 'https://a+\.t{2,}\.J{2,}/-+', 11);
insert into internship (internship_id, name, description, url, company_id) values (17, 'Human Resources Intern', 'creativity', 'https://www\.J+\.H{2,}/_+', 9);
insert into internship (internship_id, name, description, url, company_id) values (18, 'Software Engineering Intern', 'adaptability', 'http://-+\.I{2,}//+', 30);
insert into internship (internship_id, name, description, url, company_id) values (19, 'Software Engineering Intern', 'teamwork', 'https://e+\.X{2,}\.o{2,}/-+', 5);
insert into internship (internship_id, name, description, url, company_id) values (20, 'Data Analyst Intern', 'adaptability', 'http://R+\.N{2,}\.g{2,}/-+', 14);
insert into internship (internship_id, name, description, url, company_id) values (21, 'Human Resources Intern', 'adaptability', 'https://z+\.n{2,}//+', 3);
insert into internship (internship_id, name, description, url, company_id) values (22, 'Data Analyst Intern', 'communication skills', 'https://-+\.K{2,}\.e{2,}/H+', 4);
insert into internship (internship_id, name, description, url, company_id) values (23, 'Data Analyst Intern', 'leadership', 'http://2+\.J{2,}\.F{2,}/9+', 23);
insert into internship (internship_id, name, description, url, company_id) values (24, 'Data Analyst Intern', 'communication skills', 'http://www\.-+\.j{2,}\.r{2,}/6+', 6);
insert into internship (internship_id, name, description, url, company_id) values (25, 'Human Resources Intern', 'teamwork', 'http://www\.-+\.z{2,}/c+', 4);
insert into internship (internship_id, name, description, url, company_id) values (26, 'Graphic Design Intern', 'adaptability', 'https://www\.-+\.Z{2,}/0+', 11);
insert into internship (internship_id, name, description, url, company_id) values (27, 'Software Engineering Intern', 'teamwork', 'https://-+\.L{2,}\.x{2,}/-+', 20);
insert into internship (internship_id, name, description, url, company_id) values (28, 'Graphic Design Intern', 'adaptability', 'http://6+\.m{2,}\.Y{2,}/_+', 5);
insert into internship (internship_id, name, description, url, company_id) values (29, 'Software Engineering Intern', 'teamwork', 'https://www\.I+\.p{2,}/_+', 9);
insert into internship (internship_id, name, description, url, company_id) values (30, 'Marketing Intern', 'time management', 'http://www\.C+\.p{2,}/e+', 18);
insert into internship (internship_id, name, description, url, company_id) values (31, 'Human Resources Intern', 'leadership', 'https://4+\.T{2,}/_+', 11);
insert into internship (internship_id, name, description, url, company_id) values (32, 'Graphic Design Intern', 'problem-solving', 'https://t+\.R{2,}\.I{2,}//+', 21);
insert into internship (internship_id, name, description, url, company_id) values (33, 'Data Analyst Intern', 'teamwork', 'http://1+\.O{2,}\.t{2,}/A+', 3);
insert into internship (internship_id, name, description, url, company_id) values (34, 'Human Resources Intern', 'leadership', 'https://www\.3+\.A{2,}/-+', 8);
insert into internship (internship_id, name, description, url, company_id) values (35, 'Data Analyst Intern', 'critical thinking', 'https://www\.-+\.V{2,}/5+', 2);
insert into internship (internship_id, name, description, url, company_id) values (36, 'Human Resources Intern', 'problem-solving', 'https://www\.-+\.d{2,}\.b{2,}/_+', 24);
insert into internship (internship_id, name, description, url, company_id) values (37, 'Data Analyst Intern', 'problem-solving', 'http://www\.5+\.R{2,}\.b{2,}/_+', 25);
insert into internship (internship_id, name, description, url, company_id) values (38, 'Software Engineering Intern', 'attention to detail', 'http://0+\.S{2,}\.U{2,}//+', 30);
insert into internship (internship_id, name, description, url, company_id) values (39, 'Marketing Intern', 'analytical skills', 'https://www\.n+\.O{2,}\.l{2,}//+', 30);
insert into internship (internship_id, name, description, url, company_id) values (40, 'Human Resources Intern', 'teamwork', 'https://www\.N+\.n{2,}\.b{2,}/_+', 25);
insert into internship (internship_id, name, description, url, company_id) values (41, 'Human Resources Intern', 'attention to detail', 'http://5+\.q{2,}/N+', 3);
insert into internship (internship_id, name, description, url, company_id) values (42, 'Software Engineering Intern', 'time management', 'https://-+\.Z{2,}/C+', 26);
insert into internship (internship_id, name, description, url, company_id) values (43, 'Software Engineering Intern', 'adaptability', 'https://www\.3+\.y{2,}/_+', 2);
insert into internship (internship_id, name, description, url, company_id) values (44, 'Marketing Intern', 'problem-solving', 'https://www\.2+\.I{2,}/-+', 10);
insert into internship (internship_id, name, description, url, company_id) values (45, 'Graphic Design Intern', 'problem-solving', 'http://f+\.t{2,}//+', 29);
insert into internship (internship_id, name, description, url, company_id) values (46, 'Software Engineering Intern', 'teamwork', 'https://www\.4+\.t{2,}//+', 6);
insert into internship (internship_id, name, description, url, company_id) values (47, 'Data Analyst Intern', 'time management', 'http://c+\.f{2,}\.T{2,}/y+', 1);
insert into internship (internship_id, name, description, url, company_id) values (48, 'Software Engineering Intern', 'problem-solving', 'https://5+\.L{2,}//+', 20);
insert into internship (internship_id, name, description, url, company_id) values (49, 'Software Engineering Intern', 'communication skills', 'https://www\.b+\.Z{2,}\.J{2,}//+', 16);
insert into internship (internship_id, name, description, url, company_id) values (50, 'Data Analyst Intern', 'teamwork', 'https://-+\.H{2,}//+', 16);

insert into professor (professor_id, course_id, firstName, lastName, department, university, email) values (1, 27, 'Britt', 'Caswall', 'Economics', 'Sahand University of Technology', 'bcaswall0@t-online.de');
insert into professor (professor_id, course_id, firstName, lastName, department, university, email) values (2, 20, 'Hatti', 'Watson', 'Physics', 'World Maritime University', 'hwatson1@toplist.cz');
insert into professor (professor_id, course_id, firstName, lastName, department, university, email) values (3, 2, 'Chaunce', 'Titman', 'Mathematics', 'Spring Hill College', 'ctitman2@diigo.com');
insert into professor (professor_id, course_id, firstName, lastName, department, university, email) values (4, 3, 'Lona', 'Plume', 'Biology', 'Otsuma Women''s University', 'lplume3@bing.com');
insert into professor (professor_id, course_id, firstName, lastName, department, university, email) values (5, 19, 'Teddy', 'Browell', 'Mathematics', 'University of Lucknow', 'tbrowell4@state.gov');
insert into professor (professor_id, course_id, firstName, lastName, department, university, email) values (6, 2, 'Jens', 'Thorpe', 'Mathematics', 'University Institute of Teacher Training "Suor Orsola Benincasa"', 'jthorpe5@timesonline.co.uk');
insert into professor (professor_id, course_id, firstName, lastName, department, university, email) values (7, 15, 'Keenan', 'Powton', 'History', 'Southeastern Bible College', 'kpowton6@oracle.com');
insert into professor (professor_id, course_id, firstName, lastName, department, university, email) values (8, 18, 'Zebadiah', 'Errington', 'Art', 'Dhaka University of Engineering and Technology', 'zerrington7@noaa.gov');
insert into professor (professor_id, course_id, firstName, lastName, department, university, email) values (9, 14, 'Merrill', 'Garter', 'Psychology', 'University of Burao', 'mgarter8@symantec.com');
insert into professor (professor_id, course_id, firstName, lastName, department, university, email) values (10, 3, 'Calhoun', 'Rowbrey', 'Sociology', 'University of South Carolina - Lancaster', 'crowbrey9@yandex.ru');
insert into professor (professor_id, course_id, firstName, lastName, department, university, email) values (11, 17, 'Hubie', 'Skurm', 'Business', 'Nebraska Christian College', 'hskurma@phoca.cz');
insert into professor (professor_id, course_id, firstName, lastName, department, university, email) values (12, 28, 'Lola', 'Franks', 'Business', 'University of Pretoria', 'lfranksb@dropbox.com');
insert into professor (professor_id, course_id, firstName, lastName, department, university, email) values (13, 10, 'Libbie', 'Hanway', 'Chemistry', 'Royal University of Bhutan', 'lhanwayc@reddit.com');
insert into professor (professor_id, course_id, firstName, lastName, department, university, email) values (14, 14, 'Mureil', 'Celand', 'History', 'Stillman College', 'mcelandd@alibaba.com');
insert into professor (professor_id, course_id, firstName, lastName, department, university, email) values (15, 23, 'Ofilia', 'Jellico', 'Mathematics', 'University of Akureyri', 'ojellicoe@github.com');
insert into professor (professor_id, course_id, firstName, lastName, department, university, email) values (16, 25, 'Corbie', 'Billson', 'Mathematics', 'Central South Forestry University', 'cbillsonf@booking.com');
insert into professor (professor_id, course_id, firstName, lastName, department, university, email) values (17, 18, 'Allie', 'Marsy', 'Chemistry', 'British Royal University', 'amarsyg@tmall.com');
insert into professor (professor_id, course_id, firstName, lastName, department, university, email) values (18, 27, 'Quentin', 'Osband', 'Physics', 'Islamic University of Medinah', 'qosbandh@clickbank.net');
insert into professor (professor_id, course_id, firstName, lastName, department, university, email) values (19, 27, 'Enprofessor_id', 'Buxy', 'Economics', 'Université Paris-Dauphine (Paris IX)', 'ebuxyi@netlog.com');
insert into professor (professor_id, course_id, firstName, lastName, department, university, email) values (20, 7, 'Libbi', 'Dumberell', 'English', 'Universprofessor_idade Mackenzie', 'ldumberellj@pen.io');
insert into professor (professor_id, course_id, firstName, lastName, department, university, email) values (21, 21, 'Lothario', 'Dengel', 'Computer Science', 'American Military University', 'ldengelk@photobucket.com');
insert into professor (professor_id, course_id, firstName, lastName, department, university, email) values (22, 17, 'Rora', 'Salt', 'History', 'EMESCAM - Escola Superior de Ciências', 'rsaltl@patch.com');
insert into professor (professor_id, course_id, firstName, lastName, department, university, email) values (23, 9, 'Ailene', 'MacGill', 'Art', 'Siena College', 'amacgillm@mit.edu');
insert into professor (professor_id, course_id, firstName, lastName, department, university, email) values (24, 14, 'Sacha', 'Castelyn', 'Psychology', 'Finlandia University', 'scastelynn@timesonline.co.uk');
insert into professor (professor_id, course_id, firstName, lastName, department, university, email) values (25, 8, 'Jacob', 'Girodin', 'Biology', 'Universprofessor_idade Cprofessor_idade de São Paulo', 'jgirodino@comsenz.com');
insert into professor (professor_id, course_id, firstName, lastName, department, university, email) values (26, 14, 'Calv', 'Crannage', 'English', 'Technological University (Hmawbi)', 'ccrannagep@lulu.com');
insert into professor (professor_id, course_id, firstName, lastName, department, university, email) values (27, 19, 'Jocelin', 'Cubuzzi', 'Biology', 'Indiana University at Kokomo', 'jcubuzziq@shinystat.com');
insert into professor (professor_id, course_id, firstName, lastName, department, university, email) values (28, 25, 'Ashlee', 'Gaber', 'Biology', 'Slippery Rock University', 'agaberr@usda.gov');
insert into professor (professor_id, course_id, firstName, lastName, department, university, email) values (29, 11, 'Yvor', 'Mumbey', 'Computer Science', 'Help University College', 'ymumbeys@soup.io');
insert into professor (professor_id, course_id, firstName, lastName, department, university, email) values (30, 4, 'Lucais', 'Tunstall', 'Chemistry', 'Kent State University - Stark', 'ltunstallt@ucsd.edu');
insert into professor (professor_id, course_id, firstName, lastName, department, university, email) values (31, 14, 'Ruperta', 'Marin', 'Business', 'King Abdul Aziz University', 'rmarinu@vinaora.com');
insert into professor (professor_id, course_id, firstName, lastName, department, university, email) values (32, 23, 'Jeffry', 'Starton', 'History', 'Neijiang Teacher University', 'jstartonv@sakura.ne.jp');
insert into professor (professor_id, course_id, firstName, lastName, department, university, email) values (33, 3, 'Ethelda', 'Dollen', 'Mathematics', 'Kumamoto Prefectural University', 'edollenw@tinyurl.com');
insert into professor (professor_id, course_id, firstName, lastName, department, university, email) values (34, 10, 'Euell', 'Greenmon', 'Computer Science', 'Xi''an International Studies University', 'egreenmonx@dropbox.com');
insert into professor (professor_id, course_id, firstName, lastName, department, university, email) values (35, 5, 'Ferd', 'Glasman', 'Chemistry', 'Ecole des Ingénieurs de la Ville de Paris', 'fglasmany@redcross.org');
insert into professor (professor_id, course_id, firstName, lastName, department, university, email) values (36, 28, 'Rasla', 'Waller-Brprofessor_idge', 'English', 'Brussels School of International Studies', 'rwallerbrprofessor_idgez@photobucket.com');
insert into professor (professor_id, course_id, firstName, lastName, department, university, email) values (37, 9, 'Mahalia', 'Tortoishell', 'Art', 'Dowling College', 'mtortoishell10@angelfire.com');
insert into professor (professor_id, course_id, firstName, lastName, department, university, email) values (38, 20, 'Paola', 'Bateson', 'Biology', 'Ningbo University of Technology', 'pbateson11@51.la');
insert into professor (professor_id, course_id, firstName, lastName, department, university, email) values (39, 19, 'Lyn', 'Larking', 'Physics', 'Academy of Fine Arts', 'llarking12@tinyurl.com');
insert into professor (professor_id, course_id, firstName, lastName, department, university, email) values (40, 8, 'Turner', 'McKimmey', 'Computer Science', 'Universprofessor_idad Distral "Francisco José de Caldas"', 'tmckimmey13@soundcloud.com');
insert into professor (professor_id, course_id, firstName, lastName, department, university, email) values (41, 6, 'Micky', 'Arthy', 'Chemistry', 'Clarion University', 'marthy14@ucoz.ru');
insert into professor (professor_id, course_id, firstName, lastName, department, university, email) values (42, 19, 'Willy', 'Paroni', 'Physics', 'Universprofessor_idad Autónoma de San Luis Potosí', 'wparoni15@vkontakte.ru');
insert into professor (professor_id, course_id, firstName, lastName, department, university, email) values (43, 1, 'Merrie', 'Withers', 'Music', 'National Sun Yat-Sen University', 'mwithers16@elpais.com');
insert into professor (professor_id, course_id, firstName, lastName, department, university, email) values (44, 12, 'Terrill', 'Bernaert', 'History', 'Faculté Polytechnique de Mons', 'tbernaert17@pagesperso-orange.fr');
insert into professor (professor_id, course_id, firstName, lastName, department, university, email) values (45, 4, 'Kata', 'Hamber', 'Business', 'University of Korca "Fan Noli"', 'khamber18@ucla.edu');
insert into professor (professor_id, course_id, firstName, lastName, department, university, email) values (46, 4, 'Anna-diana', 'Wardlaw', 'Art', 'Dakota State University', 'awardlaw19@goodreads.com');
insert into professor (professor_id, course_id, firstName, lastName, department, university, email) values (47, 2, 'Ingunna', 'Boschmann', 'Chemistry', 'Baptist Bible College of Pennsylvania', 'iboschmann1a@paginegialle.it');
insert into professor (professor_id, course_id, firstName, lastName, department, university, email) values (48, 2, 'Laurens', 'Haack', 'Psychology', 'Universprofessor_idad Privada Los Andes', 'lhaack1b@bloglines.com');
insert into professor (professor_id, course_id, firstName, lastName, department, university, email) values (49, 11, 'Marcille', 'Causton', 'Art', 'University of Bergen', 'mcauston1c@nbcnews.com');
insert into professor (professor_id, course_id, firstName, lastName, department, university, email) values (50, 1, 'Wallie', 'Sproson', 'History', 'Universprofessor_idad Tecnologica Israel', 'wsproson1d@princeton.edu');

insert into recruiter (recruiter_id, firstName, lastName, email, company_id) values (1, 'Kailey', 'Freshwater', 'kfreshwater0@constantcontact.com', 14);
insert into recruiter (recruiter_id, firstName, lastName, email, company_id) values (2, 'Jasmina', 'Precruiter_idgin', 'jprecruiter_idgin1@qq.com', 1);
insert into recruiter (recruiter_id, firstName, lastName, email, company_id) values (3, 'Aubrey', 'Puckett', 'apuckett2@mozilla.com', 13);
insert into recruiter (recruiter_id, firstName, lastName, email, company_id) values (4, 'Maggi', 'Walthall', 'mwalthall3@godaddy.com', 7);
insert into recruiter (recruiter_id, firstName, lastName, email, company_id) values (5, 'Pavla', 'Knightsbrrecruiter_idge', 'pknightsbrrecruiter_idge4@google.pl', 12);
insert into recruiter (recruiter_id, firstName, lastName, email, company_id) values (6, 'Killie', 'Scohier', 'kscohier5@shareasale.com', 9);
insert into recruiter (recruiter_id, firstName, lastName, email, company_id) values (7, 'Patsy', 'Elsworth', 'pelsworth6@cpanel.net', 17);
insert into recruiter (recruiter_id, firstName, lastName, email, company_id) values (8, 'Levin', 'Selly', 'lselly7@google.co.uk', 4);
insert into recruiter (recruiter_id, firstName, lastName, email, company_id) values (9, 'Adina', 'Mosen', 'amosen8@last.fm', 24);
insert into recruiter (recruiter_id, firstName, lastName, email, company_id) values (10, 'Itch', 'Udie', 'iudie9@hatena.ne.jp', 6);
insert into recruiter (recruiter_id, firstName, lastName, email, company_id) values (11, 'Gnni', 'Cheke', 'gchekea@theguardian.com', 20);
insert into recruiter (recruiter_id, firstName, lastName, email, company_id) values (12, 'Mercedes', 'Devoy', 'mdevoyb@technorati.com', 5);
insert into recruiter (recruiter_id, firstName, lastName, email, company_id) values (13, 'Oren', 'Puleque', 'opulequec@dion.ne.jp', 26);
insert into recruiter (recruiter_id, firstName, lastName, email, company_id) values (14, 'Candrecruiter_ide', 'Shower', 'cshowerd@xrea.com', 11);
insert into recruiter (recruiter_id, firstName, lastName, email, company_id) values (15, 'Talyah', 'MacTeague', 'tmacteaguee@springer.com', 17);
insert into recruiter (recruiter_id, firstName, lastName, email, company_id) values (16, 'Shanon', 'Greenham', 'sgreenhamf@phpbb.com', 29);
insert into recruiter (recruiter_id, firstName, lastName, email, company_id) values (17, 'Kaylyn', 'Cuff', 'kcuffg@imdb.com', 21);
insert into recruiter (recruiter_id, firstName, lastName, email, company_id) values (18, 'Charlean', 'Walework', 'cwaleworkh@facebook.com', 11);
insert into recruiter (recruiter_id, firstName, lastName, email, company_id) values (19, 'Lothaire', 'Orrell', 'lorrelli@ed.gov', 23);
insert into recruiter (recruiter_id, firstName, lastName, email, company_id) values (20, 'Kiele', 'Thomton', 'kthomtonj@cdc.gov', 26);
insert into recruiter (recruiter_id, firstName, lastName, email, company_id) values (21, 'Cindy', 'Dorre', 'cdorrek@delicious.com', 30);
insert into recruiter (recruiter_id, firstName, lastName, email, company_id) values (22, 'Sharlene', 'Llop', 'sllopl@joomla.org', 1);
insert into recruiter (recruiter_id, firstName, lastName, email, company_id) values (23, 'Heriberto', 'Fickling', 'hficklingm@blog.com', 7);
insert into recruiter (recruiter_id, firstName, lastName, email, company_id) values (24, 'Edd', 'Dregan', 'edregann@dyndns.org', 4);
insert into recruiter (recruiter_id, firstName, lastName, email, company_id) values (25, 'Lonni', 'Ilyukhov', 'lilyukhovo@nytimes.com', 18);
insert into recruiter (recruiter_id, firstName, lastName, email, company_id) values (26, 'Daron', 'Fewings', 'dfewingsp@thetimes.co.uk', 5);
insert into recruiter (recruiter_id, firstName, lastName, email, company_id) values (27, 'Bernarr', 'Casin', 'bcasinq@cpanel.net', 9);
insert into recruiter (recruiter_id, firstName, lastName, email, company_id) values (28, 'Vina', 'Vigietti', 'vvigiettir@squarespace.com', 22);
insert into recruiter (recruiter_id, firstName, lastName, email, company_id) values (29, 'Lowrance', 'Huckel', 'lhuckels@cpanel.net', 3);
insert into recruiter (recruiter_id, firstName, lastName, email, company_id) values (30, 'Beau', 'Srecruiter_idlow', 'bsrecruiter_idlowt@mlb.com', 22);
insert into recruiter (recruiter_id, firstName, lastName, email, company_id) values (31, 'Ramon', 'Goodrick', 'rgoodricku@issuu.com', 3);
insert into recruiter (recruiter_id, firstName, lastName, email, company_id) values (32, 'Dav', 'Kilgallon', 'dkilgallonv@goo.gl', 27);
insert into recruiter (recruiter_id, firstName, lastName, email, company_id) values (33, 'Hector', 'Faiers', 'hfaiersw@jimdo.com', 17);
insert into recruiter (recruiter_id, firstName, lastName, email, company_id) values (34, 'Zeke', 'Cotilard', 'zcotilardx@statcounter.com', 1);
insert into recruiter (recruiter_id, firstName, lastName, email, company_id) values (35, 'Doy', 'Gooddy', 'dgooddyy@narod.ru', 3);
insert into recruiter (recruiter_id, firstName, lastName, email, company_id) values (36, 'Carley', 'Aslam', 'caslamz@is.gd', 26);
insert into recruiter (recruiter_id, firstName, lastName, email, company_id) values (37, 'Gabe', 'Tooth', 'gtooth10@istockphoto.com', 10);
insert into recruiter (recruiter_id, firstName, lastName, email, company_id) values (38, 'Cal', 'Croose', 'ccroose11@list-manage.com', 10);
insert into recruiter (recruiter_id, firstName, lastName, email, company_id) values (39, 'Ernaline', 'Eble', 'eeble12@nymag.com', 23);
insert into recruiter (recruiter_id, firstName, lastName, email, company_id) values (40, 'Cybill', 'De''Vere - Hunt', 'cdeverehunt13@ow.ly', 7);
insert into recruiter (recruiter_id, firstName, lastName, email, company_id) values (41, 'Raychel', 'Gingold', 'rgingold14@nps.gov', 2);
insert into recruiter (recruiter_id, firstName, lastName, email, company_id) values (42, 'Bartholomew', 'Presnell', 'bpresnell15@angelfire.com', 8);
insert into recruiter (recruiter_id, firstName, lastName, email, company_id) values (43, 'Kitty', 'Tuckie', 'ktuckie16@chron.com', 23);
insert into recruiter (recruiter_id, firstName, lastName, email, company_id) values (44, 'Bennett', 'Pitsall', 'bpitsall17@marriott.com', 30);
insert into recruiter (recruiter_id, firstName, lastName, email, company_id) values (45, 'Marshal', 'Sture', 'msture18@soundcloud.com', 23);
insert into recruiter (recruiter_id, firstName, lastName, email, company_id) values (46, 'Sindee', 'Martino', 'smartino19@prlog.org', 11);
insert into recruiter (recruiter_id, firstName, lastName, email, company_id) values (47, 'Orsa', 'Romanini', 'oromanini1a@tiny.cc', 10);
insert into recruiter (recruiter_id, firstName, lastName, email, company_id) values (48, 'Addie', 'Pulman', 'apulman1b@geocities.jp', 10);
insert into recruiter (recruiter_id, firstName, lastName, email, company_id) values (49, 'Hope', 'Livezey', 'hlivezey1c@artisteer.com', 25);
insert into recruiter (recruiter_id, firstName, lastName, email, company_id) values (50, 'Jorie', 'Rowlstone', 'jrowlstone1d@upenn.edu', 27);

insert into simulation (simulation_id, startingBal, endDate, description, createdBy, name, startDate, status) values (1, 7258319.55, '2023-06-29 01:27:40', 'Asset allocation strategy', 2, 'CashFlowGenius', '2023-10-01 05:34:17', 'completed');
insert into simulation (simulation_id, startingBal, endDate, description, createdBy, name, startDate, status) values (2, 3373076.3, '2023-09-01 11:09:34', 'Credit risk modeling', 29, 'InvestorPro', '2023-04-13 18:22:01', 'incomplete');
insert into simulation (simulation_id, startingBal, endDate, description, createdBy, name, startDate, status) values (3, 2504077.67, '2023-11-05 10:29:53', 'Financial risk assessment', 6, 'InvestorPro', '2023-05-17 12:09:56', 'completed');
insert into simulation (simulation_id, startingBal, endDate, description, createdBy, name, startDate, status) values (4, 677485.16, '2023-01-07 14:34:51', 'Financial risk assessment', 18, 'MoneyMogul', '2023-05-24 14:25:58', 'approved');
insert into simulation (simulation_id, startingBal, endDate, description, createdBy, name, startDate, status) values (5, 1627528.38, '2023-02-15 01:07:03', 'Financial risk assessment', 15, 'InvestorPro', '2023-02-02 22:47:20', 'in progress');
insert into simulation (simulation_id, startingBal, endDate, description, createdBy, name, startDate, status) values (6, 6405426.2, '2023-02-09 19:42:23', 'Asset allocation strategy', 11, 'WealthSim', '2023-11-28 06:54:35', 'completed');
insert into simulation (simulation_id, startingBal, endDate, description, createdBy, name, startDate, status) values (7, 3189541.4, '2023-09-26 14:01:07', 'Credit risk modeling', 16, 'CashFlowGenius', '2023-04-06 08:56:01', 'in progress');
insert into simulation (simulation_id, startingBal, endDate, description, createdBy, name, startDate, status) values (8, 2314995.93, '2023-07-05 09:55:00', 'Asset allocation strategy', 3, 'MoneyMogul', '2023-06-29 03:56:01', 'completed');
insert into simulation (simulation_id, startingBal, endDate, description, createdBy, name, startDate, status) values (9, 2497491.07, '2023-06-05 01:59:17', 'Market trend prediction', 16, 'MoneyMogul', '2023-05-10 22:54:11', 'completed');
insert into simulation (simulation_id, startingBal, endDate, description, createdBy, name, startDate, status) values (10, 1986870.52, '2022-12-23 16:58:41', 'Market trend prediction', 12, 'FinanceMaster', '2023-05-17 15:08:09', 'pending');
insert into simulation (simulation_id, startingBal, endDate, description, createdBy, name, startDate, status) values (11, 2895414.67, '2023-11-23 15:07:01', 'Credit risk modeling', 7, 'FinanceMaster', '2023-02-25 16:07:47', 'in progress');
insert into simulation (simulation_id, startingBal, endDate, description, createdBy, name, startDate, status) values (12, 3523608.47, '2023-05-27 16:14:25', 'Financial risk assessment', 16, 'MoneyMogul', '2023-01-19 20:37:15', 'pending');
insert into simulation (simulation_id, startingBal, endDate, description, createdBy, name, startDate, status) values (13, 3894644.74, '2023-07-05 18:35:58', 'Investment portfolio analysis', 26, 'FinanceMaster', '2023-09-20 02:45:22', 'in progress');
insert into simulation (simulation_id, startingBal, endDate, description, createdBy, name, startDate, status) values (14, 4739766.46, '2023-09-26 18:52:16', 'Asset allocation strategy', 24, 'CashFlowGenius', '2023-02-25 16:23:12', 'approved');
insert into simulation (simulation_id, startingBal, endDate, description, createdBy, name, startDate, status) values (15, 3945616.74, '2023-03-04 13:10:20', 'Credit risk modeling', 22, 'CashFlowGenius', '2023-07-31 08:27:07', 'approved');
insert into simulation (simulation_id, startingBal, endDate, description, createdBy, name, startDate, status) values (16, 6882721.74, '2023-03-04 00:14:33', 'Credit risk modeling', 10, 'CashFlowGenius', '2023-02-25 17:20:27', 'completed');
insert into simulation (simulation_id, startingBal, endDate, description, createdBy, name, startDate, status) values (17, 744900.08, '2023-11-25 03:33:42', 'Credit risk modeling', 5, 'MoneyMogul', '2023-07-15 04:35:36', 'completed');
insert into simulation (simulation_id, startingBal, endDate, description, createdBy, name, startDate, status) values (18, 822050.2, '2023-10-13 09:54:35', 'Financial risk assessment', 20, 'MoneyMogul', '2023-05-09 05:36:42', 'pending');
insert into simulation (simulation_id, startingBal, endDate, description, createdBy, name, startDate, status) values (19, 2138917.92, '2023-03-28 09:20:59', 'Credit risk modeling', 1, 'InvestorPro', '2023-02-07 08:05:15', 'completed');
insert into simulation (simulation_id, startingBal, endDate, description, createdBy, name, startDate, status) values (20, 7955957.5, '2023-07-18 06:58:21', 'Asset allocation strategy', 8, 'FinanceMaster', '2023-02-27 22:09:31', 'incomplete');
insert into simulation (simulation_id, startingBal, endDate, description, createdBy, name, startDate, status) values (21, 6543658.22, '2023-02-18 10:46:30', 'Market trend prediction', 6, 'WealthSim', '2023-02-22 15:17:28', 'approved');
insert into simulation (simulation_id, startingBal, endDate, description, createdBy, name, startDate, status) values (22, 4360050.79, '2023-05-09 16:42:08', 'Financial risk assessment', 6, 'CashFlowGenius', '2023-03-09 06:35:55', 'pending');
insert into simulation (simulation_id, startingBal, endDate, description, createdBy, name, startDate, status) values (23, 9280989.41, '2023-04-16 18:53:16', 'Market trend prediction', 14, 'MoneyMogul', '2023-10-16 12:38:35', 'incomplete');
insert into simulation (simulation_id, startingBal, endDate, description, createdBy, name, startDate, status) values (24, 992383.38, '2023-07-13 22:38:35', 'Asset allocation strategy', 24, 'InvestorPro', '2023-04-11 00:49:20', 'completed');
insert into simulation (simulation_id, startingBal, endDate, description, createdBy, name, startDate, status) values (25, 480044.64, '2023-04-13 17:18:34', 'Market trend prediction', 18, 'FinanceMaster', '2023-08-01 06:55:43', 'incomplete');
insert into simulation (simulation_id, startingBal, endDate, description, createdBy, name, startDate, status) values (26, 2795724.53, '2023-08-24 01:39:47', 'Financial risk assessment', 10, 'FinanceMaster', '2023-05-13 01:00:27', 'completed');
insert into simulation (simulation_id, startingBal, endDate, description, createdBy, name, startDate, status) values (27, 7232695.93, '2022-12-10 18:06:31', 'Credit risk modeling', 2, 'InvestorPro', '2023-10-20 16:11:13', 'in progress');
insert into simulation (simulation_id, startingBal, endDate, description, createdBy, name, startDate, status) values (28, 226951.08, '2023-11-27 05:33:27', 'Financial risk assessment', 4, 'InvestorPro', '2023-11-07 21:11:28', 'pending');
insert into simulation (simulation_id, startingBal, endDate, description, createdBy, name, startDate, status) values (29, 5848558.95, '2023-01-11 04:49:28', 'Asset allocation strategy', 7, 'FinanceMaster', '2023-07-23 02:22:18', 'incomplete');
insert into simulation (simulation_id, startingBal, endDate, description, createdBy, name, startDate, status) values (30, 1463180.36, '2023-12-03 17:21:15', 'Asset allocation strategy', 12, 'WealthSim', '2022-12-23 13:13:09', 'approved');
insert into simulation (simulation_id, startingBal, endDate, description, createdBy, name, startDate, status) values (31, 8503084.04, '2023-09-23 06:39:16', 'Asset allocation strategy', 10, 'CashFlowGenius', '2023-07-17 15:21:54', 'completed');
insert into simulation (simulation_id, startingBal, endDate, description, createdBy, name, startDate, status) values (32, 8471265.67, '2023-07-27 18:34:00', 'Credit risk modeling', 11, 'InvestorPro', '2023-01-25 08:02:11', 'completed');
insert into simulation (simulation_id, startingBal, endDate, description, createdBy, name, startDate, status) values (33, 1948605.81, '2023-02-24 08:36:47', 'Financial risk assessment', 27, 'CashFlowGenius', '2023-08-03 04:38:49', 'in progress');
insert into simulation (simulation_id, startingBal, endDate, description, createdBy, name, startDate, status) values (34, 1480197.18, '2022-12-13 07:46:34', 'Financial risk assessment', 6, 'CashFlowGenius', '2023-06-30 10:49:20', 'incomplete');
insert into simulation (simulation_id, startingBal, endDate, description, createdBy, name, startDate, status) values (35, 4497515.79, '2022-12-31 12:52:58', 'Asset allocation strategy', 3, 'InvestorPro', '2023-02-11 04:37:04', 'pending');
insert into simulation (simulation_id, startingBal, endDate, description, createdBy, name, startDate, status) values (36, 3570859.33, '2023-02-10 10:03:20', 'Asset allocation strategy', 5, 'InvestorPro', '2022-12-20 01:56:52', 'incomplete');
insert into simulation (simulation_id, startingBal, endDate, description, createdBy, name, startDate, status) values (37, 7725046.72, '2023-09-09 17:54:40', 'Investment portfolio analysis', 1, 'FinanceMaster', '2023-01-31 02:53:57', 'pending');
insert into simulation (simulation_id, startingBal, endDate, description, createdBy, name, startDate, status) values (38, 152818.45, '2023-11-18 13:29:20', 'Investment portfolio analysis', 16, 'FinanceMaster', '2023-07-07 17:22:12', 'approved');
insert into simulation (simulation_id, startingBal, endDate, description, createdBy, name, startDate, status) values (39, 9936321.63, '2023-03-20 09:40:32', 'Investment portfolio analysis', 21, 'MoneyMogul', '2023-03-24 08:32:14', 'completed');
insert into simulation (simulation_id, startingBal, endDate, description, createdBy, name, startDate, status) values (40, 6626752.01, '2023-10-07 22:33:44', 'Financial risk assessment', 29, 'FinanceMaster', '2023-03-13 09:27:49', 'approved');
insert into simulation (simulation_id, startingBal, endDate, description, createdBy, name, startDate, status) values (41, 9599711.65, '2023-01-04 01:06:08', 'Market trend prediction', 10, 'CashFlowGenius', '2023-02-28 23:20:58', 'pending');
insert into simulation (simulation_id, startingBal, endDate, description, createdBy, name, startDate, status) values (42, 2848833.87, '2023-11-26 19:42:07', 'Financial risk assessment', 3, 'WealthSim', '2023-06-28 04:01:02', 'approved');
insert into simulation (simulation_id, startingBal, endDate, description, createdBy, name, startDate, status) values (43, 5438519.78, '2023-03-25 08:24:28', 'Market trend prediction', 25, 'WealthSim', '2023-08-13 19:23:39', 'approved');
insert into simulation (simulation_id, startingBal, endDate, description, createdBy, name, startDate, status) values (44, 9677155.39, '2023-10-28 19:12:29', 'Financial risk assessment', 9, 'InvestorPro', '2023-04-18 16:45:10', 'pending');
insert into simulation (simulation_id, startingBal, endDate, description, createdBy, name, startDate, status) values (45, 8815924.19, '2023-10-14 04:08:07', 'Asset allocation strategy', 15, 'WealthSim', '2023-07-01 18:32:47', 'pending');
insert into simulation (simulation_id, startingBal, endDate, description, createdBy, name, startDate, status) values (46, 507682.88, '2023-02-24 19:46:05', 'Financial risk assessment', 28, 'CashFlowGenius', '2023-10-20 10:16:10', 'incomplete');
insert into simulation (simulation_id, startingBal, endDate, description, createdBy, name, startDate, status) values (47, 6126947.25, '2023-04-05 00:40:37', 'Market trend prediction', 23, 'MoneyMogul', '2023-03-15 05:39:56', 'approved');
insert into simulation (simulation_id, startingBal, endDate, description, createdBy, name, startDate, status) values (48, 207315.78, '2023-04-07 01:32:09', 'Asset allocation strategy', 24, 'MoneyMogul', '2023-08-23 20:41:09', 'pending');
insert into simulation (simulation_id, startingBal, endDate, description, createdBy, name, startDate, status) values (49, 656748.42, '2023-03-13 10:05:59', 'Financial risk assessment', 25, 'WealthSim', '2022-12-25 02:44:45', 'incomplete');
insert into simulation (simulation_id, startingBal, endDate, description, createdBy, name, startDate, status) values (50, 6540059.62, '2023-08-22 16:45:15', 'Credit risk modeling', 29, 'CashFlowGenius', '2023-07-22 03:53:45', 'completed');


insert into student (student_id, recruiter_id, firstName, lastName, email, eduLevel, resumePath, gradDate) values (1, 2, 'Kris', 'Beecheno', 14, 2, 'http://dummyimage.com/210x100.png/ff4444/ffffff', '2023-10-25 00:36:29');
insert into student (student_id, recruiter_id, firstName, lastName, email, eduLevel, resumePath, gradDate) values (2, 18, 'Marsiella', 'Spering', 13, 4, 'http://dummyimage.com/172x100.png/ff4444/ffffff', '2023-10-01 12:54:46');
insert into student (student_id, recruiter_id, firstName, lastName, email, eduLevel, resumePath, gradDate) values (3, 16, 'Gisella', 'Belton', 25, 2, 'http://dummyimage.com/168x100.png/5fa2dd/ffffff', '2023-02-10 18:33:59');
insert into student (student_id, recruiter_id, firstName, lastName, email, eduLevel, resumePath, gradDate) values (4, 24, 'Von', 'Acock', 20, 4, 'http://dummyimage.com/215x100.png/cc0000/ffffff', '2022-12-08 05:51:21');
insert into student (student_id, recruiter_id, firstName, lastName, email, eduLevel, resumePath, gradDate) values (5, 30, 'Merl', 'Andersch', 29, 4, 'http://dummyimage.com/153x100.png/dddddd/000000', '2023-09-13 22:44:09');
insert into student (student_id, recruiter_id, firstName, lastName, email, eduLevel, resumePath, gradDate) values (6, 8, 'Beau', 'Kauschke', 29, 1, 'http://dummyimage.com/144x100.png/cc0000/ffffff', '2023-05-09 18:49:54');
insert into student (student_id, recruiter_id, firstName, lastName, email, eduLevel, resumePath, gradDate) values (7, 2, 'Denice', 'Dorgon', 30, 1, 'http://dummyimage.com/117x100.png/5fa2dd/ffffff', '2023-08-22 17:28:45');
insert into student (student_id, recruiter_id, firstName, lastName, email, eduLevel, resumePath, gradDate) values (8, 2, 'Alphonso', 'Deery', 21, 1, 'http://dummyimage.com/133x100.png/ff4444/ffffff', '2023-10-30 18:36:18');
insert into student (student_id, recruiter_id, firstName, lastName, email, eduLevel, resumePath, gradDate) values (9, 11, 'Lazare', 'Saffill', 12, 2, 'http://dummyimage.com/152x100.png/ff4444/ffffff', '2023-09-22 11:59:57');
insert into student (student_id, recruiter_id, firstName, lastName, email, eduLevel, resumePath, gradDate) values (10, 15, 'Martainn', 'Tofpik', 1, 4, 'http://dummyimage.com/209x100.png/dddddd/000000', '2023-01-15 06:31:19');
insert into student (student_id, recruiter_id, firstName, lastName, email, eduLevel, resumePath, gradDate) values (11, 22, 'Anita', 'Bestall', 26, 4, 'http://dummyimage.com/175x100.png/dddddd/000000', '2023-11-25 09:58:49');
insert into student (student_id, recruiter_id, firstName, lastName, email, eduLevel, resumePath, gradDate) values (12, 7, 'Katharine', 'Simants', 27, 4, 'http://dummyimage.com/115x100.png/dddddd/000000', '2023-02-09 10:21:54');
insert into student (student_id, recruiter_id, firstName, lastName, email, eduLevel, resumePath, gradDate) values (13, 13, 'Page', 'Escolme', 27, 1, 'http://dummyimage.com/186x100.png/cc0000/ffffff', '2023-05-19 11:56:16');
insert into student (student_id, recruiter_id, firstName, lastName, email, eduLevel, resumePath, gradDate) values (14, 26, 'Jennica', 'Sowman', 2, 2, 'http://dummyimage.com/217x100.png/cc0000/ffffff', '2023-05-03 17:08:40');
insert into student (student_id, recruiter_id, firstName, lastName, email, eduLevel, resumePath, gradDate) values (15, 28, 'Kenna', 'Hindrick', 23, 3, 'http://dummyimage.com/107x100.png/dddddd/000000', '2023-05-30 20:42:28');
insert into student (student_id, recruiter_id, firstName, lastName, email, eduLevel, resumePath, gradDate) values (16, 30, 'Paddy', 'Brunroth', 21, 4, 'http://dummyimage.com/142x100.png/dddddd/000000', '2023-01-05 06:13:53');
insert into student (student_id, recruiter_id, firstName, lastName, email, eduLevel, resumePath, gradDate) values (17, 28, 'Hermine', 'Maloney', 5, 4, 'http://dummyimage.com/121x100.png/5fa2dd/ffffff', '2023-08-24 22:59:37');
insert into student (student_id, recruiter_id, firstName, lastName, email, eduLevel, resumePath, gradDate) values (18, 22, 'Debee', 'Nutkins', 21, 1, 'http://dummyimage.com/126x100.png/5fa2dd/ffffff', '2023-12-06 18:46:16');
insert into student (student_id, recruiter_id, firstName, lastName, email, eduLevel, resumePath, gradDate) values (19, 15, 'Jayme', 'McNab', 26, 2, 'http://dummyimage.com/225x100.png/cc0000/ffffff', '2023-05-21 05:08:10');
insert into student (student_id, recruiter_id, firstName, lastName, email, eduLevel, resumePath, gradDate) values (20, 26, 'Evan', 'VanBrugh', 3, 3, 'http://dummyimage.com/184x100.png/dddddd/000000', '2023-10-06 09:38:36');
insert into student (student_id, recruiter_id, firstName, lastName, email, eduLevel, resumePath, gradDate) values (21, 7, 'Willetta', 'McEwan', 30, 2, 'http://dummyimage.com/144x100.png/ff4444/ffffff', '2023-08-06 02:09:01');
insert into student (student_id, recruiter_id, firstName, lastName, email, eduLevel, resumePath, gradDate) values (22, 7, 'Murdock', 'Lober', 14, 3, 'http://dummyimage.com/198x100.png/dddddd/000000', '2023-03-09 01:15:29');
insert into student (student_id, recruiter_id, firstName, lastName, email, eduLevel, resumePath, gradDate) values (23, 7, 'Marcy', 'McDonell', 8, 2, 'http://dummyimage.com/137x100.png/ff4444/ffffff', '2023-10-17 09:59:03');
insert into student (student_id, recruiter_id, firstName, lastName, email, eduLevel, resumePath, gradDate) values (24, 23, 'Dewitt', 'Rait', 22, 3, 'http://dummyimage.com/133x100.png/dddddd/000000', '2023-05-10 15:40:52');
insert into student (student_id, recruiter_id, firstName, lastName, email, eduLevel, resumePath, gradDate) values (25, 18, 'Tabor', 'Solly', 24, 1, 'http://dummyimage.com/219x100.png/ff4444/ffffff', '2023-02-02 21:24:04');
insert into student (student_id, recruiter_id, firstName, lastName, email, eduLevel, resumePath, gradDate) values (26, 14, 'Annabella', 'Gaskin', 25, 3, 'http://dummyimage.com/242x100.png/5fa2dd/ffffff', '2023-12-03 12:22:29');
insert into student (student_id, recruiter_id, firstName, lastName, email, eduLevel, resumePath, gradDate) values (27, 14, 'Leisha', 'Barrowcliffe', 27, 2, 'http://dummyimage.com/167x100.png/5fa2dd/ffffff', '2023-07-27 03:57:43');
insert into student (student_id, recruiter_id, firstName, lastName, email, eduLevel, resumePath, gradDate) values (28, 22, 'Tatiania', 'Ladson', 18, 1, 'http://dummyimage.com/113x100.png/cc0000/ffffff', '2023-10-08 12:57:25');
insert into student (student_id, recruiter_id, firstName, lastName, email, eduLevel, resumePath, gradDate) values (29, 24, 'Lynda', 'Olenin', 10, 4, 'http://dummyimage.com/236x100.png/5fa2dd/ffffff', '2023-01-20 23:14:19');
insert into student (student_id, recruiter_id, firstName, lastName, email, eduLevel, resumePath, gradDate) values (30, 20, 'Tildy', 'Brackenridge', 7, 2, 'http://dummyimage.com/230x100.png/5fa2dd/ffffff', '2023-02-23 05:37:38');
insert into student (student_id, recruiter_id, firstName, lastName, email, eduLevel, resumePath, gradDate) values (31, 4, 'Margaret', 'Antoney', 24, 3, 'http://dummyimage.com/212x100.png/cc0000/ffffff', '2023-04-30 22:04:34');
insert into student (student_id, recruiter_id, firstName, lastName, email, eduLevel, resumePath, gradDate) values (32, 24, 'Katharina', 'Leidl', 23, 3, 'http://dummyimage.com/124x100.png/5fa2dd/ffffff', '2023-05-06 17:02:22');
insert into student (student_id, recruiter_id, firstName, lastName, email, eduLevel, resumePath, gradDate) values (33, 11, 'Niall', 'Danskine', 22, 2, 'http://dummyimage.com/233x100.png/cc0000/ffffff', '2023-08-29 23:22:34');
insert into student (student_id, recruiter_id, firstName, lastName, email, eduLevel, resumePath, gradDate) values (34, 10, 'Deva', 'Arnao', 15, 1, 'http://dummyimage.com/109x100.png/dddddd/000000', '2023-10-23 15:49:18');
insert into student (student_id, recruiter_id, firstName, lastName, email, eduLevel, resumePath, gradDate) values (35, 20, 'Jimmy', 'Roubottom', 25, 4, 'http://dummyimage.com/146x100.png/dddddd/000000', '2023-08-24 18:54:26');
insert into student (student_id, recruiter_id, firstName, lastName, email, eduLevel, resumePath, gradDate) values (36, 23, 'Shayna', 'Pardie', 8, 3, 'http://dummyimage.com/197x100.png/dddddd/000000', '2023-10-25 21:06:02');
insert into student (student_id, recruiter_id, firstName, lastName, email, eduLevel, resumePath, gradDate) values (37, 11, 'Agosto', 'Broadberrie', 25, 3, 'http://dummyimage.com/188x100.png/ff4444/ffffff', '2023-08-02 19:42:57');
insert into student (student_id, recruiter_id, firstName, lastName, email, eduLevel, resumePath, gradDate) values (38, 1, 'Lidia', 'Kolczynski', 3, 3, 'http://dummyimage.com/107x100.png/ff4444/ffffff', '2023-09-30 09:08:20');
insert into student (student_id, recruiter_id, firstName, lastName, email, eduLevel, resumePath, gradDate) values (39, 4, 'Garrik', 'Sloper', 8, 2, 'http://dummyimage.com/218x100.png/ff4444/ffffff', '2023-09-12 19:00:41');
insert into student (student_id, recruiter_id, firstName, lastName, email, eduLevel, resumePath, gradDate) values (40, 9, 'Penni', 'Mowlam', 11, 3, 'http://dummyimage.com/236x100.png/ff4444/ffffff', '2023-07-13 05:48:46');
insert into student (student_id, recruiter_id, firstName, lastName, email, eduLevel, resumePath, gradDate) values (41, 30, 'Sharity', 'Aikin', 29, 2, 'http://dummyimage.com/207x100.png/cc0000/ffffff', '2023-08-10 21:09:31');
insert into student (student_id, recruiter_id, firstName, lastName, email, eduLevel, resumePath, gradDate) values (42, 10, 'Tomkin', 'Storrar', 21, 3, 'http://dummyimage.com/118x100.png/cc0000/ffffff', '2023-01-15 13:48:28');
insert into student (student_id, recruiter_id, firstName, lastName, email, eduLevel, resumePath, gradDate) values (43, 9, 'Raven', 'Di Biagi', 3, 4, 'http://dummyimage.com/172x100.png/ff4444/ffffff', '2023-02-10 03:27:48');
insert into student (student_id, recruiter_id, firstName, lastName, email, eduLevel, resumePath, gradDate) values (44, 22, 'Burk', 'Bartlam', 28, 1, 'http://dummyimage.com/163x100.png/ff4444/ffffff', '2023-03-29 15:22:22');
insert into student (student_id, recruiter_id, firstName, lastName, email, eduLevel, resumePath, gradDate) values (45, 23, 'Dot', 'Butter', 24, 4, 'http://dummyimage.com/229x100.png/5fa2dd/ffffff', '2023-10-28 07:41:47');
insert into student (student_id, recruiter_id, firstName, lastName, email, eduLevel, resumePath, gradDate) values (46, 21, 'Stanton', 'Frane', 13, 1, 'http://dummyimage.com/190x100.png/ff4444/ffffff', '2023-09-10 19:14:52');
insert into student (student_id, recruiter_id, firstName, lastName, email, eduLevel, resumePath, gradDate) values (47, 28, 'Wendy', 'Hains', 5, 4, 'http://dummyimage.com/127x100.png/dddddd/000000', '2023-09-29 00:36:32');
insert into student (student_id, recruiter_id, firstName, lastName, email, eduLevel, resumePath, gradDate) values (48, 22, 'Camellia', 'Dowman', 8, 1, 'http://dummyimage.com/215x100.png/cc0000/ffffff', '2023-06-16 11:49:28');
insert into student (student_id, recruiter_id, firstName, lastName, email, eduLevel, resumePath, gradDate) values (49, 14, 'Nil', 'Croce', 5, 4, 'http://dummyimage.com/188x100.png/cc0000/ffffff', '2023-07-01 11:13:05');
insert into student (student_id, recruiter_id, firstName, lastName, email, eduLevel, resumePath, gradDate) values (50, 1, 'Maribeth', 'Bootherstone', 7, 2, 'http://dummyimage.com/237x100.png/ff4444/ffffff', '2023-01-03 17:07:49');

insert into simulation_results (simId, studentId, commission, pnl, sharpeRatio, execScore) values (3, 15, 106.33, 11.6, 0, 0.95);
insert into simulation_results (simId, studentId, commission, pnl, sharpeRatio, execScore) values (17, 48, 513.56, 8.15, 0, 0.6);
insert into simulation_results (simId, studentId, commission, pnl, sharpeRatio, execScore) values (16, 38, 861.93, 9.66, 2, 0.12);
insert into simulation_results (simId, studentId, commission, pnl, sharpeRatio, execScore) values (29, 40, 584.3, 14.2, 1, 0.35);
insert into simulation_results (simId, studentId, commission, pnl, sharpeRatio, execScore) values (22, 34, 730.46, 15.0, 3, 0.12);
insert into simulation_results (simId, studentId, commission, pnl, sharpeRatio, execScore) values (27, 26, 719.69, 5.41, 3, 0.21);
insert into simulation_results (simId, studentId, commission, pnl, sharpeRatio, execScore) values (8, 50, 122.94, 15.88, 3, 0.72);
insert into simulation_results (simId, studentId, commission, pnl, sharpeRatio, execScore) values (28, 42, 616.26, 11.91, 0, 0.88);
insert into simulation_results (simId, studentId, commission, pnl, sharpeRatio, execScore) values (29, 49, 393.75, 6.22, 1, 0.13);
insert into simulation_results (simId, studentId, commission, pnl, sharpeRatio, execScore) values (25, 13, 286.12, 2.71, 3, 0.6);
insert into simulation_results (simId, studentId, commission, pnl, sharpeRatio, execScore) values (9, 24, 711.67, 18.35, 2, 0.92);
insert into simulation_results (simId, studentId, commission, pnl, sharpeRatio, execScore) values (7, 28, 917.78, 0.49, 3, 0.56);
insert into simulation_results (simId, studentId, commission, pnl, sharpeRatio, execScore) values (28, 36, 175.17, 4.26, 0, 0.94);
insert into simulation_results (simId, studentId, commission, pnl, sharpeRatio, execScore) values (11, 47, 442.22, 14.86, 2, 0.78);
insert into simulation_results (simId, studentId, commission, pnl, sharpeRatio, execScore) values (10, 30, 348.23, 5.64, 3, 0.3);
insert into simulation_results (simId, studentId, commission, pnl, sharpeRatio, execScore) values (16, 39, 643.12, 14.87, 1, 0.37);
insert into simulation_results (simId, studentId, commission, pnl, sharpeRatio, execScore) values (1, 3, 614.4, 11.3, 2, 0.18);
insert into simulation_results (simId, studentId, commission, pnl, sharpeRatio, execScore) values (30, 30, 631.3, 18.27, 3, 0.16);
insert into simulation_results (simId, studentId, commission, pnl, sharpeRatio, execScore) values (12, 13, 334.06, 4.27, 2, 0.61);
insert into simulation_results (simId, studentId, commission, pnl, sharpeRatio, execScore) values (13, 23, 260.38, 1.92, 3, 0.99);
insert into simulation_results (simId, studentId, commission, pnl, sharpeRatio, execScore) values (12, 43, 780.63, 11.4, 0, 0.5);
insert into simulation_results (simId, studentId, commission, pnl, sharpeRatio, execScore) values (24, 41, 831.51, 18.64, 3, 0.28);
insert into simulation_results (simId, studentId, commission, pnl, sharpeRatio, execScore) values (23, 37, 632.59, 17.9, 0, 0.93);
insert into simulation_results (simId, studentId, commission, pnl, sharpeRatio, execScore) values (3, 14, 332.59, 7.68, 2, 0.5);
insert into simulation_results (simId, studentId, commission, pnl, sharpeRatio, execScore) values (17, 14, 38.95, 13.47, 1, 0.45);
insert into simulation_results (simId, studentId, commission, pnl, sharpeRatio, execScore) values (11, 20, 929.61, 7.18, 1, 0.12);
insert into simulation_results (simId, studentId, commission, pnl, sharpeRatio, execScore) values (22, 27, 600.75, 10.69, 2, 0.46);
insert into simulation_results (simId, studentId, commission, pnl, sharpeRatio, execScore) values (23, 18, 508.58, 14.46, 1, 0.88);
insert into simulation_results (simId, studentId, commission, pnl, sharpeRatio, execScore) values (10, 38, 476.5, 9.39, 1, 0.09);
insert into simulation_results (simId, studentId, commission, pnl, sharpeRatio, execScore) values (4, 14, 668.67, 3.62, 0, 0.32);
insert into simulation_results (simId, studentId, commission, pnl, sharpeRatio, execScore) values (8, 8, 106.8, 0.96, 0, 0.63);
insert into simulation_results (simId, studentId, commission, pnl, sharpeRatio, execScore) values (22, 33, 925.49, 17.21, 3, 0.43);
insert into simulation_results (simId, studentId, commission, pnl, sharpeRatio, execScore) values (10, 48, 626.65, 15.79, 1, 0.94);
insert into simulation_results (simId, studentId, commission, pnl, sharpeRatio, execScore) values (27, 36, 416.21, 18.21, 0, 0.62);
insert into simulation_results (simId, studentId, commission, pnl, sharpeRatio, execScore) values (17, 2, 916.95, 9.57, 1, 0.3);
insert into simulation_results (simId, studentId, commission, pnl, sharpeRatio, execScore) values (14, 24, 388.86, 12.09, 1, 0.34);
insert into simulation_results (simId, studentId, commission, pnl, sharpeRatio, execScore) values (9, 12, 237.72, 5.71, 1, 0.47);
insert into simulation_results (simId, studentId, commission, pnl, sharpeRatio, execScore) values (16, 10, 592.71, 11.29, 2, 0.01);
insert into simulation_results (simId, studentId, commission, pnl, sharpeRatio, execScore) values (20, 28, 23.14, 2.45, 3, 0.16);
insert into simulation_results (simId, studentId, commission, pnl, sharpeRatio, execScore) values (14, 18, 281.64, 5.14, 3, 0.96);
insert into simulation_results (simId, studentId, commission, pnl, sharpeRatio, execScore) values (29, 31, 948.94, 9.18, 0, 0.89);
insert into simulation_results (simId, studentId, commission, pnl, sharpeRatio, execScore) values (16, 31, 669.2, 12.45, 0, 0.24);
insert into simulation_results (simId, studentId, commission, pnl, sharpeRatio, execScore) values (26, 11, 879.18, 9.0, 1, 0.4);
insert into simulation_results (simId, studentId, commission, pnl, sharpeRatio, execScore) values (5, 49, 687.17, 2.43, 0, 0.61);
insert into simulation_results (simId, studentId, commission, pnl, sharpeRatio, execScore) values (24, 46, 943.01, 2.31, 3, 0.98);
insert into simulation_results (simId, studentId, commission, pnl, sharpeRatio, execScore) values (3, 37, 357.54, 1.28, 1, 0.43);
insert into simulation_results (simId, studentId, commission, pnl, sharpeRatio, execScore) values (8, 25, 42.89, 13.24, 0, 0.64);
insert into simulation_results (simId, studentId, commission, pnl, sharpeRatio, execScore) values (29, 30, 895.87, 2.99, 1, 0.71);
insert into simulation_results (simId, studentId, commission, pnl, sharpeRatio, execScore) values (15, 8, 431.8, 19.84, 2, 0.77);
insert into simulation_results (simId, studentId, commission, pnl, sharpeRatio, execScore) values (22, 8, 24.21, 4.6, 2, 0.85);

insert into stock (ticker, bidPrice, askPrice, eps, volume, beta) values ('LINU', 221.48, 222.51, 13, 846756, 0.17);
insert into stock (ticker, bidPrice, askPrice, eps, volume, beta) values ('TRNC', 734.5, 737.06, 14, 516676, 0.76);
insert into stock (ticker, bidPrice, askPrice, eps, volume, beta) values ('PIE', 593.73, 594.72, 12, 651984, 0.5);
insert into stock (ticker, bidPrice, askPrice, eps, volume, beta) values ('COE', 111.58, 112.41, 3, 129663, 0.98);
insert into stock (ticker, bidPrice, askPrice, eps, volume, beta) values ('HD', 142.91, 143.28, 1, 983176, 0.58);
insert into stock (ticker, bidPrice, askPrice, eps, volume, beta) values ('NUROW', 483.14, 484.77, 6, 138498, 0.65);
insert into stock (ticker, bidPrice, askPrice, eps, volume, beta) values ('WSO.B', 217.04, 218.04, 15, 685226, 0.44);
insert into stock (ticker, bidPrice, askPrice, eps, volume, beta) values ('TESS', 148.5, 149.85, 11, 703811, 0.97);
insert into stock (ticker, bidPrice, askPrice, eps, volume, beta) values ('GDL^B', 274.22, 274.56, 9, 535597, 0.6);
insert into stock (ticker, bidPrice, askPrice, eps, volume, beta) values ('PSA^B', 844.16, 846.68, 7, 606146, 0.53);
insert into stock (ticker, bidPrice, askPrice, eps, volume, beta) values ('EEI', 54.8, 57.21, 3, 187533, 0.78);
insert into stock (ticker, bidPrice, askPrice, eps, volume, beta) values ('DCP', 143.3, 143.59, 9, 913524, 0.52);
insert into stock (ticker, bidPrice, askPrice, eps, volume, beta) values ('NTAP', 104.05, 106.77, 9, 969319, 0.6);
insert into stock (ticker, bidPrice, askPrice, eps, volume, beta) values ('ANET', 752.39, 754.96, 11, 137100, 0.69);
insert into stock (ticker, bidPrice, askPrice, eps, volume, beta) values ('STAA', 694.41, 694.68, 10, 392544, 0.33);
insert into stock (ticker, bidPrice, askPrice, eps, volume, beta) values ('RDCM', 67.73, 68.01, 2, 685722, 0.16);
insert into stock (ticker, bidPrice, askPrice, eps, volume, beta) values ('SDRL', 349.13, 350.39, 13, 616381, 0.63);
insert into stock (ticker, bidPrice, askPrice, eps, volume, beta) values ('RDI', 134.26, 136.82, 6, 910973, 0.12);
insert into stock (ticker, bidPrice, askPrice, eps, volume, beta) values ('CAFD', 823.51, 824.87, 11, 291488, 0.44);
insert into stock (ticker, bidPrice, askPrice, eps, volume, beta) values ('QVCA', 569.03, 569.61, 15, 815034, 0.4);
insert into stock (ticker, bidPrice, askPrice, eps, volume, beta) values ('CODI', 541.47, 541.49, 1, 971533, 0.1);
insert into stock (ticker, bidPrice, askPrice, eps, volume, beta) values ('PLNT', 604.68, 605.64, 8, 725113, 0.32);
insert into stock (ticker, bidPrice, askPrice, eps, volume, beta) values ('VIVE', 171.85, 172.34, 11, 835238, 0.17);
insert into stock (ticker, bidPrice, askPrice, eps, volume, beta) values ('CFC^B', 893.65, 896.01, 5, 208738, 0.62);
insert into stock (ticker, bidPrice, askPrice, eps, volume, beta) values ('TSI', 644.04, 646.61, 4, 574570, 0.78);
insert into stock (ticker, bidPrice, askPrice, eps, volume, beta) values ('IOSP', 662.99, 665.86, 8, 657705, 0.88);
insert into stock (ticker, bidPrice, askPrice, eps, volume, beta) values ('CNNX', 790.09, 792.91, 5, 930483, 0.76);
insert into stock (ticker, bidPrice, askPrice, eps, volume, beta) values ('WMAR', 205.16, 205.7, 3, 331198, 0.64);
insert into stock (ticker, bidPrice, askPrice, eps, volume, beta) values ('NAVI', 312.39, 314.26, 6, 632658, 0.93);
insert into stock (ticker, bidPrice, askPrice, eps, volume, beta) values ('CAMP', 172.55, 175.48, 8, 803892, 0.19);
insert into stock (ticker, bidPrice, askPrice, eps, volume, beta) values ('RGNX', 137.26, 139.04, 15, 349288, 0.58);
insert into stock (ticker, bidPrice, askPrice, eps, volume, beta) values ('AAON', 226.69, 227.53, 13, 385197, 0.99);
insert into stock (ticker, bidPrice, askPrice, eps, volume, beta) values ('DVMT', 529.18, 529.39, 2, 326251, 0.33);
insert into stock (ticker, bidPrice, askPrice, eps, volume, beta) values ('BRCD', 171.76, 172.17, 2, 595732, 0.68);
insert into stock (ticker, bidPrice, askPrice, eps, volume, beta) values ('CDNS', 874.28, 874.71, 6, 570018, 0.16);
insert into stock (ticker, bidPrice, askPrice, eps, volume, beta) values ('NRCIA', 669.3, 672.15, 8, 685032, 0.21);
insert into stock (ticker, bidPrice, askPrice, eps, volume, beta) values ('MRVL', 333.32, 335.31, 10, 35984, 0.88);
insert into stock (ticker, bidPrice, askPrice, eps, volume, beta) values ('AA', 790.12, 791.74, 10, 918092, 0.97);
insert into stock (ticker, bidPrice, askPrice, eps, volume, beta) values ('CLACU', 154.48, 154.9, 14, 771235, 0.77);
insert into stock (ticker, bidPrice, askPrice, eps, volume, beta) values ('VALX', 553.59, 556.2, 4, 823926, 0.93);
insert into stock (ticker, bidPrice, askPrice, eps, volume, beta) values ('CRM', 459.99, 460.83, 10, 945963, 0.47);
insert into stock (ticker, bidPrice, askPrice, eps, volume, beta) values ('WPRT', 347.34, 347.42, 6, 420912, 0.76);
insert into stock (ticker, bidPrice, askPrice, eps, volume, beta) values ('BAP', 470.65, 472.82, 8, 250845, 0.2);
insert into stock (ticker, bidPrice, askPrice, eps, volume, beta) values ('MHNC', 559.63, 559.98, 5, 298065, 0.98);
insert into stock (ticker, bidPrice, askPrice, eps, volume, beta) values ('ELU', 332.64, 334.69, 9, 218463, 0.87);
insert into stock (ticker, bidPrice, askPrice, eps, volume, beta) values ('JDD', 634.99, 636.36, 10, 273300, 0.32);
insert into stock (ticker, bidPrice, askPrice, eps, volume, beta) values ('XCRA', 84.39, 85.38, 7, 835779, 0.17);
insert into stock (ticker, bidPrice, askPrice, eps, volume, beta) values ('ROG', 491.83, 492.06, 6, 133828, 0.86);
insert into stock (ticker, bidPrice, askPrice, eps, volume, beta) values ('VMO', 887.97, 888.17, 2, 449919, 0.93);
insert into stock (ticker, bidPrice, askPrice, eps, volume, beta) values ('CRVL', 287.0, 288.7, 3, 602349, 0.1);
